src,arm,target,rep,achieved,miss_pct,skip_pct,opq99,t50_us,t99_us,p50_us,p99_us,p999_us,n_samples,rc8,rc9,dir
knee1,P0,30000,0,29972.5,0.0,0.0,5.8,42.2,947.9,,,,,64691745447,3557459784,P0-30000
knee1,P0,45000,0,44992.6,0.0,0.0,10.4,121.4,1351.1,,,,,69292061228,1673512979,P0-45000
knee1,P0,60000,0,59982.1,0.0,0.0,12.4,257.7,1241.8,,,,,76327731521,930313298,P0-60000
knee1,P0,75000,0,75028.0,0.0,0.0,12.9,322.7,1104.6,,,,,90527528578,940365038,P0-75000
knee1,P0,90000,0,89977.9,0.0,0.0,14.4,378.8,1044.6,,,,,105618699374,984915578,P0-90000
knee1,P0,110000,0,109989.7,0.0,0.0,15.2,351.4,896.1,,,,,126676775348,1087963116,P0-110000
knee1,P0,130000,0,130045.2,0.0,0.0,16.5,283.1,828.0,,,,,148493072147,1392650439,P0-130000
knee2,P0,160000,0,159936.7,0.0,0.0,18.7,325.8,792.7,,,,,176465326348,1492367998,P0-160000
knee2,P0,190000,0,189912.1,0.0,0.0,22.6,332.2,893.7,,,,,198136692662,1909771294,P0-190000
knee2,P0,220000,0,219981.7,0.0,0.0,32.3,352.8,1290.4,,,,,203431593212,2138090725,P0-220000
knee2,P0,260000,0,260073.9,0.0,0.0,33.9,469.3,1592.0,,,,,204337118377,2301048131,P0-260000
knee2,P0,300000,0,300045.9,0.0,0.0,34.0,608.1,1549.4,,,,,202576399392,1947067790,P0-300000
knee1,P0X,30000,0,29985.1,0.0,0.0,5.7,40.5,891.2,,,,,24730321793,52221915222,P0X-30000
knee1,P0X,45000,0,45017.7,0.0,0.0,9.8,126.5,1232.0,,,,,25948106144,54958784978,P0X-45000
knee1,P0X,60000,0,60012.3,0.0,0.0,11.5,221.3,1104.5,,,,,30752417518,62506589212,P0X-60000
knee1,P0X,75000,0,74977.9,0.0,0.0,12.1,276.1,950.9,,,,,37931418335,76342770640,P0X-75000
knee1,P0X,90000,0,90019.4,0.0,0.0,12.6,286.4,852.4,,,,,44775200869,90501159839,P0X-90000
knee1,P0X,110000,0,109977.1,0.0,0.0,13.0,282.1,768.4,,,,,53538405193,108116746618,P0X-110000
knee1,P0X,130000,0,129969.3,0.0,0.0,14.1,278.9,703.3,,,,,61621739783,123357066217,P0X-130000
knee2,P0X,160000,0,159990.2,0.0,0.0,16.0,274.0,644.0,,,,,74318576397,148671913610,P0X-160000
knee2,P0X,190000,0,190025.3,0.0,0.0,17.2,257.6,605.9,,,,,86831584232,171125230740,P0X-190000
knee2,P0X,220000,0,219930.6,0.0,0.0,19.0,273.8,615.3,,,,,98176769922,189253743440,P0X-220000
knee2,P0X,260000,0,259982.0,0.0,0.0,22.9,272.6,647.8,,,,,109729760029,200937446143,P0X-260000
knee2,P0X,300000,0,300029.4,0.0,0.0,31.7,277.8,782.5,,,,,116493337741,203520076538,P0X-300000
